GameId,GameDate,Quarter,Minute,Second,OffenseTeam,DefenseTeam,Down,ToGo,YardLine,,SeriesFirstDown,,NextScore,Description,TeamWin,,,SeasonYear,Yards,Formation,PlayType,IsRush,IsPass,IsIncomplete,IsTouchdown,PassType,IsSack,IsChallenge,IsChallengeReversed,Challenger,IsMeasurement,IsInterception,IsFumble,IsPenalty,IsTwoPointConversion,IsTwoPointConversionSuccessful,RushDirection,YardLineFixed,YardLineDirection,IsPenaltyAccepted,PenaltyTeam,IsNoPlay,PenaltyType,PenaltyYards
2015091000,2015-09-10,2,2,0,,PIT,0,0,0,,1,,0,"TWO-MINUTE WARNING",0,,,2015,0,"UNDER CENTER",,0,0,0,0,,0,0,0,,0,0,0,0,0,0,,0,OWN,0,,0,,0
2015091300,2015-09-13,3,4,50,,GB,0,0,0,,1,,0,"TIMEOUT AT 04:50.",0,,,2015,0,"UNDER CENTER",,0,0,0,0,,0,0,0,,0,0,0,0,0,0,,0,OWN,0,,0,,0
2015091300,2015-09-13,4,0,0,,GB,0,0,0,,1,,0,"END GAME",0,,,2015,0,"UNDER CENTER",,0,0,0,0,,0,0,0,,0,0,0,0,0,0,,0,OWN,0,,0,,0
2015091301,2015-09-13,2,2,0,,SEA,0,0,0,,1,,0,"TWO-MINUTE WARNING",0,,,2015,0,"UNDER CENTER",,0,0,0,0,,0,0,0,,0,0,0,0,0,0,,0,OWN,0,,0,,0
2015091302,2015-09-13,1,0,0,,CAR,0,0,0,,1,,0,"END QUARTER 1",0,,,2015,0,,,0,0,0,0,,0,0,0,,0,0,0,0,0,0,,0,OWN,0,,0,,0
2015091303,2015-09-13,2,9,48,WAS,MIA,2,2,20,,1,,0,"(9:48) 46-A.MORRIS LEFT TACKLE TO WAS 24 FOR 4 YARDS (55-K.MISI).",0,,,2015,4,"UNDER CENTER",RUSH,1,0,0,0,,0,0,0,,0,0,0,0,0,0,"LEFT TACKLE",20,OWN,0,,0,,0
2015091303,2015-09-13,2,9,13,WAS,MIA,1,10,24,,1,,0,"(9:13) 8-K.COUSINS PASS DEEP MIDDLE TO 88-P.GARCON TO WAS 46 FOR 22 YARDS (24-BR.MCCAIN).",0,,,2015,22,"UNDER CENTER",PASS,0,1,0,0,"DEEP MIDDLE",0,0,0,,0,0,0,0,0,0,,24,OWN,0,,0,,0
2015091303,2015-09-13,4,2,33,WAS,MIA,2,11,76,,0,,0,"(2:33) (SHOTGUN) 8-K.COUSINS PASS SHORT LEFT TO 86-J.REED PUSHED OB AT MIA 20 FOR 4 YARDS (31-M.THOMAS).",0,,,2015,4,SHOTGUN,PASS,0,1,0,0,"SHORT LEFT",0,0,0,,0,0,0,0,0,0,,24,OPP,0,,0,,0
2015091304,2015-09-13,1,4,57,BUF,IND,2,20,37,,0,,0,"(4:57) 5-T.TAYLOR PASS INCOMPLETE SHORT RIGHT TO 42-J.FELTON. THROWN UNDER PRESSURE FROM T.COLE; OFF RECEIVER'S HANDS AT BUF 37.",0,,,2015,0,"UNDER CENTER",PASS,0,1,1,0,"SHORT RIGHT",0,0,0,,0,0,0,0,0,0,,37,OWN,0,,0,,0
2015091304,2015-09-13,2,12,24,,IND,0,0,0,,1,,0,"TIMEOUT #1 BY IND AT 12:24.",0,,,2015,0,"UNDER CENTER",TIMEOUT,0,0,0,0,,0,0,0,,0,0,0,0,0,0,,0,OWN,0,,0,,0
2015091304,2015-09-13,3,14,4,BUF,IND,1,10,68,,0,,0,"(14:04) 5-T.TAYLOR PASS SHORT RIGHT TO 18-P.HARVIN TO IND 29 FOR 3 YARDS (25-J.BROWN). SCREEN PASS, CAUGHT AT IND 35.",0,,,2015,3,"UNDER CENTER",PASS,0,1,0,0,"SHORT RIGHT",0,0,0,,0,0,0,0,0,0,,32,OPP,0,,0,,0
2015091304,2015-09-13,3,13,27,BUF,IND,2,7,71,,0,,0,"(13:27) 25-L.MCCOY LEFT GUARD TO IND 30 FOR -1 YARDS (52-D.JACKSON).",0,,,2015,-1,"UNDER CENTER",RUSH,1,0,0,0,,0,0,0,,0,0,0,0,0,0,"LEFT GUARD",29,OPP,0,,0,,0
2015091304,2015-09-13,3,0,0,,IND,0,0,0,,1,,0,"END QUARTER 3",0,,,2015,0,,,0,0,0,0,,0,0,0,,0,0,0,0,0,0,,0,OWN,0,,0,,0
2015091304,2015-09-13,4,13,33,BUF,IND,4,17,13,,0,,0,"(13:33) 6-C.SCHMIDT PUNTS 58 YARDS TO IND 29, CENTER-65-G.SANBORN. 15-P.DORSETT MUFFS CATCH, AND RECOVERS AT IND 24. 15-P.DORSETT TO IND 25 FOR 1 YARD (33-R.BROOKS).",0,,,2015,0,PUNT,PUNT,0,0,0,0,,0,0,0,,0,0,0,0,0,0,,13,OWN,0,,0,,0
2015091304,2015-09-13,4,2,4,,IND,0,0,0,,1,,0,"TIMEOUT #2 BY BUF AT 02:04.",0,,,2015,0,"UNDER CENTER",TIMEOUT,0,0,0,0,,0,0,0,,0,0,0,0,0,0,,0,OWN,0,,0,,0
2015091305,2015-09-13,1,8,20,CLE,NYJ,3,1,28,,1,,0,"(8:20) (SHOTGUN) 13-J.MCCOWN PASS SHORT RIGHT TO 18-T.GABRIEL RAN OB AT CLE 39 FOR 11 YARDS.",0,,,2015,11,SHOTGUN,PASS,0,1,0,0,"SHORT RIGHT",0,0,0,,0,0,0,0,0,0,,28,OWN,0,,0,,0
2015091305,2015-09-13,1,7,26,CLE,NYJ,2,9,40,,0,,0,"(7:26) 34-I.CROWELL UP THE MIDDLE TO CLE 48 FOR 8 YARDS (25-C.PRYOR).",0,,,2015,8,"UNDER CENTER",RUSH,1,0,0,0,,0,0,0,,0,0,0,0,0,0,CENTER,40,OWN,0,,0,,0
2015091305,2015-09-13,2,2,0,,CLE,0,0,0,,1,,0,"TWO-MINUTE WARNING",0,,,2015,0,"UNDER CENTER",,0,0,0,0,,0,0,0,,0,0,0,0,0,0,,0,OWN,0,,0,,0
2015091305,2015-09-13,2,2,0,NYJ,CLE,2,2,47,,1,,0,"(2:00) (SHOTGUN) 14-R.FITZPATRICK PASS SHORT LEFT TO 29-B.POWELL TO CLE 42 FOR 11 YARDS (94-R.STARKS).",0,,,2015,11,SHOTGUN,PASS,0,1,0,0,"SHORT LEFT",0,0,0,,0,0,0,0,0,0,,47,OWN,0,,0,,0
2015091305,2015-09-13,2,0,0,,CLE,0,0,0,,1,,0,"END QUARTER 2",0,,,2015,0,,,0,0,0,0,,0,0,0,,0,0,0,0,0,0,,0,OWN,0,,0,,0
2015091305,2015-09-13,3,10,52,CLE,NYJ,3,7,37,,1,,0,"(10:52) (SHOTGUN) 2-J.MANZIEL PASS SHORT LEFT INTENDED FOR 83-B.HARTLINE INTERCEPTED BY 20-M.WILLIAMS AT CLE 46. 20-M.WILLIAMS PUSHED OB AT CLE 28 FOR 18 YARDS (75-J.BITONIO).",0,,,2015,18,SHOTGUN,PASS,0,1,0,0,"SHORT LEFT",0,0,0,,0,1,0,0,0,0,,37,OWN,0,,0,,0
2015091306,2015-09-13,1,0,0,,KC,0,0,0,,1,,0,"END QUARTER 1",0,,,2015,0,,,0,0,0,0,,0,0,0,,0,0,0,0,0,0,,0,OWN,0,,0,,0
2015091306,2015-09-13,3,4,49,KC,HOU,1,10,35,,0,,0,"(4:49) 11-A.SMITH PASS INCOMPLETE SHORT RIGHT.",0,,,2015,0,"UNDER CENTER",PASS,0,1,1,0,"SHORT RIGHT",0,0,0,,0,0,0,0,0,0,,35,OWN,0,,0,,0
2015091306,2015-09-13,3,4,42,KC,HOU,2,10,35,,0,,0,"(4:42) (SHOTGUN) 11-A.SMITH PASS SHORT RIGHT TO 13-D.THOMAS TO KC 37 FOR 2 YARDS (25-K.JACKSON, 27-Q.DEMPS).",0,,,2015,2,SHOTGUN,PASS,0,1,0,0,"SHORT RIGHT",0,0,0,,0,0,0,0,0,0,,35,OWN,0,,0,,0
2015091306,2015-09-13,4,3,26,KC,HOU,2,6,24,,0,,0,"(3:26) 11-A.SMITH PASS INCOMPLETE SHORT RIGHT [99-J.WATT].",0,,,2015,0,"UNDER CENTER",PASS,0,1,1,0,"SHORT RIGHT",0,0,0,,0,0,0,0,0,0,,24,OWN,0,,0,,0
2015091306,2015-09-13,4,1,22,KC,HOU,1,10,50,,0,,0,"(1:22) 11-A.SMITH KNEELS TO KC 49 FOR -1 YARDS.",0,,,2015,0,"UNDER CENTER","QB KNEEL",0,0,0,0,,0,0,0,,0,0,0,0,0,0,,50,OPP,0,,0,,0
2015091307,2015-09-13,1,7,20,NO,ARI,2,1,41,,0,,0,"(7:20) 29-K.ROBINSON LEFT TACKLE TO NO 41 FOR NO GAIN (51-K.MINTER).",0,,,2015,0,"UNDER CENTER",RUSH,1,0,0,0,,0,0,0,,0,0,0,0,0,0,"LEFT TACKLE",41,OWN,0,,0,,0
2015091307,2015-09-13,3,9,2,NO,ARI,1,10,43,,0,,0,"(9:02) 29-K.ROBINSON UP THE MIDDLE TO ARI 49 FOR 8 YARDS (51-K.MINTER). PENALTY ON NO-64-Z.STRIEF, OFFENSIVE HOLDING, 10 YARDS, ENFORCED AT NO 43 - NO PLAY.",0,,,2015,8,"UNDER CENTER",RUSH,1,0,0,0,,0,0,0,,0,0,0,1,0,0,CENTER,43,OWN,1,NO,1,"OFFENSIVE HOLDING",10
2015091308,2015-09-13,1,0,0,,DET,0,0,0,,1,,0,"END QUARTER 1",0,,,2015,0,,,0,0,0,0,,0,0,0,,0,0,0,0,0,0,,0,OWN,0,,0,,0
2015091308,2015-09-13,2,5,2,SD,DET,0,0,35,,1,,0,"2-J.LAMBO KICKS 65 YARDS FROM SD 35 TO END ZONE, TOUCHBACK.",0,,,2015,0,"UNDER CENTER","KICK OFF",0,0,0,0,,0,0,0,,0,0,0,0,0,0,,35,OWN,0,,0,,0
2015091308,2015-09-13,4,14,28,SD,DET,2,7,50,,0,,0,"(14:28) (SHOTGUN) 17-P.RIVERS PASS SHORT RIGHT TO 39-D.WOODHEAD TO SD 47 FOR -3 YARDS (58-P.HUNT).",0,,,2015,-3,SHOTGUN,PASS,0,1,0,0,"SHORT RIGHT",0,0,0,,0,0,0,0,0,0,,50,OPP,0,,0,,0
2015091309,2015-09-13,2,2,0,,BAL,0,0,0,,1,,0,"TWO-MINUTE WARNING",0,,,2015,0,"UNDER CENTER",,0,0,0,0,,0,0,0,,0,0,0,0,0,0,,0,OWN,0,,0,,0
2015091309,2015-09-13,4,14,12,BAL,DEN,2,10,35,,0,,0,"(14:12) 5-J.FLACCO PASS INCOMPLETE SHORT MIDDLE TO 15-M.CAMPANARO.",0,,,2015,0,"UNDER CENTER",PASS,0,1,1,0,"SHORT MIDDLE",0,0,0,,0,0,0,0,0,0,,35,OWN,0,,0,,0
2015091309,2015-09-13,4,3,0,,BAL,0,0,0,,1,,0,"TIMEOUT #1 BY BAL AT 03:00.",0,,,2015,0,"UNDER CENTER",TIMEOUT,0,0,0,0,,0,0,0,,0,0,0,0,0,0,,0,OWN,0,,0,,0
2015091310,2015-09-13,2,13,41,OAK,CIN,4,6,47,,0,,0,"(13:41) 7-M.KING PUNTS 45 YARDS TO CIN 8, CENTER-59-J.CONDO, FAIR CATCH BY 19-B.TATE.",0,,,2015,0,PUNT,PUNT,0,0,0,0,,0,0,0,,0,0,0,0,0,0,,47,OWN,0,,0,,0
2015091310,2015-09-13,3,7,50,CIN,OAK,1,10,15,,0,,0,"(7:50) 14-A.DALTON PASS SHORT RIGHT TO 18-A.GREEN TO CIN 23 FOR 8 YARDS (25-D.HAYDEN). PENALTY ON OAK-25-D.HAYDEN, DEFENSIVE HOLDING, 5 YARDS, ENFORCED AT CIN 15 - NO PLAY.",0,,,2015,8,"UNDER CENTER",PASS,0,1,0,0,"SHORT RIGHT",0,0,0,,0,0,0,1,0,0,,15,OWN,1,OAK,1,"DEFENSIVE HOLDING",5
2015091310,2015-09-13,3,0,47,OAK,CIN,2,6,32,,1,,0,"(:47) (NO HUDDLE, SHOTGUN) 14-M.MCGLOIN PASS SHORT MIDDLE TO 15-M.CRABTREE TO OAK 40 FOR 8 YARDS (59-E.LAMUR; 29-L.HALL).",0,,,2015,8,"NO HUDDLE SHOTGUN",PASS,0,1,0,0,"SHORT MIDDLE",0,0,0,,0,0,0,0,0,0,,32,OWN,0,,0,,0
2015091311,2015-09-13,1,10,16,TEN,TB,1,10,37,,0,,0,"(10:16) 20-B.SANKEY LEFT GUARD TO TEN 44 FOR 7 YARDS (36-D.SWEARINGER, 54-L.DAVID).",0,,,2015,7,"UNDER CENTER",RUSH,1,0,0,0,,0,0,0,,0,0,0,0,0,0,"LEFT GUARD",37,OWN,0,,0,,0
2015091311,2015-09-13,1,0,41,TB,TEN,2,7,93,,0,,0,"(:41) 3-J.WINSTON PASS SHORT MIDDLE TO 22-D.MARTIN TO TEN 5 FOR 2 YARDS (95-A.BLACKSON).",0,,,2015,2,"UNDER CENTER",PASS,0,1,0,0,"SHORT MIDDLE",0,0,0,,0,0,0,0,0,0,,7,OPP,0,,0,,0
2015091311,2015-09-13,2,6,39,TEN,TB,2,9,73,,0,,0,"(6:39) 20-B.SANKEY RIGHT GUARD TO TB 24 FOR 3 YARDS (93-G.MCCOY).",0,,,2015,3,"UNDER CENTER",RUSH,1,0,0,0,,0,0,0,,0,0,0,0,0,0,"RIGHT GUARD",27,OPP,0,,0,,0
2015091311,2015-09-13,2,0,48,TB,TEN,1,10,20,,1,,0,"(:48) (SHOTGUN) 3-J.WINSTON PASS SHORT LEFT TO 34-C.SIMS TO TB 38 FOR 18 YARDS (54-A.WILLIAMSON, 33-M.GRIFFIN).",0,,,2015,18,SHOTGUN,PASS,0,1,0,0,"SHORT LEFT",0,0,0,,0,0,0,0,0,0,,20,OWN,0,,0,,0
2015091311,2015-09-13,4,14,21,TEN,TB,1,15,60,,0,,0,"(14:21) 22-D.MCCLUSTER LEFT GUARD TO TB 35 FOR 5 YARDS (51-D.LANSANAH).",0,,,2015,5,"UNDER CENTER",RUSH,1,0,0,0,,0,0,0,,0,0,0,0,0,0,"LEFT GUARD",40,OPP,0,,0,,0
2015091311,2015-09-13,4,12,36,TB,TEN,1,10,28,,0,,0,"(12:36) 34-C.SIMS LEFT TACKLE TO TB 35 FOR 7 YARDS (90-D.JONES).",0,,,2015,7,"UNDER CENTER",RUSH,1,0,0,0,,0,0,0,,0,0,0,0,0,0,"LEFT TACKLE",28,OWN,0,,0,,0
2015091311,2015-09-13,4,2,12,TEN,TB,1,10,16,,0,,0,"(2:12) 7-Z.METTENBERGER KNEELS TO TEN 15 FOR -1 YARDS.",0,,,2015,0,"UNDER CENTER","QB KNEEL",0,0,0,0,,0,0,0,,0,0,0,0,0,0,,16,OWN,0,,0,,0
2015091311,2015-09-13,4,2,0,,TEN,0,0,0,,1,,0,"TWO-MINUTE WARNING",0,,,2015,0,"UNDER CENTER",,0,0,0,0,,0,0,0,,0,0,0,0,0,0,,0,OWN,0,,0,,0
2015091312,2015-09-13,1,6,36,DAL,NYG,2,10,85,,0,,0,"(6:36) (SHOTGUN) 9-T.ROMO PASS SHORT LEFT TO 82-J.WITTEN PUSHED OB AT NYG 10 FOR 5 YARDS (38-T.MCBRIDE). PASS COMPLETE ON A ""DRAG"" ROUTE.",0,,,2015,5,SHOTGUN,PASS,0,1,0,0,"SHORT LEFT",0,0,0,,0,0,0,0,0,0,,15,OPP,0,,0,,0
2015091312,2015-09-13,2,0,39,,NYG,0,0,0,,1,,0,"TIMEOUT #1 BY NYG AT 00:39.",0,,,2015,0,"UNDER CENTER",TIMEOUT,0,0,0,0,,0,0,0,,0,0,0,0,0,0,,0,OWN,0,,0,,0
2015091312,2015-09-13,3,9,48,NYG,DAL,0,0,35,,1,,0,"3-J.BROWN KICKS 65 YARDS FROM NYG 35 TO END ZONE, TOUCHBACK. BALL WAS KICKED OUT OF THE END ZONE.",0,,,2015,0,"UNDER CENTER","KICK OFF",0,0,0,0,,0,0,0,,0,0,0,0,0,0,,35,OWN,0,,0,,0
2015091312,2015-09-13,3,1,50,DAL,NYG,2,6,12,,0,,0,"(1:50) 21-J.RANDLE RIGHT GUARD TO DAL 13 FOR 1 YARD (47-U.UNGA).",0,,,2015,1,"UNDER CENTER",RUSH,1,0,0,0,,0,0,0,,0,0,0,0,0,0,"RIGHT GUARD",12,OWN,0,,0,,0
2015091312,2015-09-13,3,1,4,DAL,NYG,3,5,13,,1,,0,"(1:04) (SHOTGUN) 9-T.ROMO PASS SHORT LEFT TO 83-T.WILLIAMS TO DAL 20 FOR 7 YARDS (20-P.AMUKAMARA). PASS COMPLETE ON A ""COMEBACK CURL"" ROUTE.",0,,,2015,7,SHOTGUN,PASS,0,1,0,0,"SHORT LEFT",0,0,0,,0,0,0,0,0,0,,13,OWN,0,,0,,0
2015091400,2015-09-14,1,0,0,,PHI,0,0,0,,1,,0,"END QUARTER 1",0,,,2015,0,,,0,0,0,0,,0,0,0,,0,0,0,0,0,0,,0,OWN,0,,0,,0
2015091400,2015-09-14,2,7,11,ATL,PHI,1,10,23,,0,,0,"(7:11) 2-M.RYAN PASS INCOMPLETE SHORT LEFT TO 84-R.WHITE.",0,,,2015,0,"UNDER CENTER",PASS,0,1,1,0,"SHORT LEFT",0,0,0,,0,0,0,0,0,0,,23,OWN,0,,0,,0
2015091400,2015-09-14,2,0,0,,PHI,0,0,0,,1,,0,"END QUARTER 2",0,,,2015,0,,,0,0,0,0,,0,0,0,,0,0,0,0,0,0,,0,OWN,0,,0,,0
2015091400,2015-09-14,3,13,20,PHI,ATL,2,8,92,,1,,0,"(13:20) (NO HUDDLE, SHOTGUN) 29-D.MURRAY RIGHT END FOR 8 YARDS, TOUCHDOWN.",0,,,2015,8,"NO HUDDLE SHOTGUN",RUSH,1,0,0,1,,0,0,0,,0,0,0,0,0,0,"RIGHT END",8,OPP,0,,0,,0
2015091401,2015-09-14,1,0,5,SF,MIN,3,9,30,,0,,0,"(:05) (SHOTGUN) PENALTY ON SF-66-M.MARTIN, FALSE START, 5 YARDS, ENFORCED AT SF 30 - NO PLAY.",0,,,2015,0,SHOTGUN,"NO PLAY",0,0,0,0,,0,0,0,,0,0,0,1,0,0,,30,OWN,1,SF,1,"FALSE START",5
2015091401,2015-09-14,1,0,0,,MIN,0,0,0,,1,,0,"END QUARTER 1",0,,,2015,0,,,0,0,0,0,,0,0,0,,0,0,0,0,0,0,,0,OWN,0,,0,,0
2015091401,2015-09-14,2,15,0,SF,MIN,3,14,25,,0,,0,"(15:00) (SHOTGUN) 7-C.KAEPERNICK PASS INCOMPLETE SHORT MIDDLE TO 11-Q.PATTON.",0,,,2015,0,SHOTGUN,PASS,0,1,1,0,"SHORT MIDDLE",0,0,0,,0,0,0,0,0,0,,25,OWN,0,,0,,0
2015091401,2015-09-14,2,14,56,SF,MIN,4,14,25,,0,,0,"(14:56) 5-B.PINION PUNTS 52 YARDS TO MIN 23, CENTER-86-K.NELSON. 35-M.SHERELS PUSHED OB AT MIN 32 FOR 9 YARDS (49-B.MILLER).",0,,,2015,0,PUNT,PUNT,0,0,0,0,,0,0,0,,0,0,0,0,0,0,,25,OWN,0,,0,,0
2015091401,2015-09-14,2,2,0,,MIN,0,0,0,,1,,0,"TWO-MINUTE WARNING",0,,,2015,0,"UNDER CENTER",,0,0,0,0,,0,0,0,,0,0,0,0,0,0,,0,OWN,0,,0,,0
2015091401,2015-09-14,2,0,0,,MIN,0,0,0,,1,,0,"END QUARTER 2",0,,,2015,0,,,0,0,0,0,,0,0,0,,0,0,0,0,0,0,,0,OWN,0,,0,,0
2015091401,2015-09-14,3,8,42,SF,MIN,1,10,31,,0,,0,"(8:42) (SHOTGUN) 38-J.HAYNE LEFT GUARD TO SF 40 FOR 9 YARDS (22-H.SMITH).",0,,,2015,9,SHOTGUN,RUSH,1,0,0,0,,0,0,0,,0,0,0,0,0,0,"LEFT GUARD",31,OWN,0,,0,,0
2015091401,2015-09-14,3,0,26,MIN,SF,1,10,77,,0,,0,"(:26) 5-T.BRIDGEWATER PASS SHORT LEFT TO 11-M.WALLACE TO SF 19 FOR 4 YARDS (20-K.ACKER). CAUGHT AT SF 19. 0-YDS YAC",0,,,2015,4,"UNDER CENTER",PASS,0,1,0,0,"SHORT LEFT",0,0,0,,0,0,0,0,0,0,,23,OPP,0,,0,,0
2015091700,2015-09-17,1,0,0,,DEN,0,0,0,,1,,0,"END QUARTER 1",0,,,2015,0,,,0,0,0,0,,0,0,0,,0,0,0,0,0,0,,0,OWN,0,,0,,0
2015091700,2015-09-17,2,11,56,KC,DEN,2,6,26,,0,,0,"(11:56) 19-J.MACLIN LEFT END TO KC 24 FOR -2 YARDS (48-S.BARRETT).",0,,,2015,-2,"UNDER CENTER",RUSH,1,0,0,0,,0,0,0,,0,0,0,0,0,0,"LEFT END",26,OWN,0,,0,,0
2015091700,2015-09-17,2,4,30,DEN,KC,1,10,52,,1,,0,"(4:30) (NO HUDDLE, SHOTGUN) 18-P.MANNING PASS SHORT LEFT TO 10-E.SANDERS TO KC 35 FOR 13 YARDS (30-J.FLEMING).",0,,,2015,13,"NO HUDDLE SHOTGUN",PASS,0,1,0,0,"SHORT LEFT",0,0,0,,0,0,0,0,0,0,,48,OPP,0,,0,,0
2015091700,2015-09-17,4,12,22,KC,DEN,2,10,30,,0,,0,"(12:22) (SHOTGUN) 11-A.SMITH PASS INCOMPLETE SHORT LEFT TO 34-K.DAVIS.",0,,,2015,0,SHOTGUN,PASS,0,1,1,0,"SHORT LEFT",0,0,0,,0,0,0,0,0,0,,30,OWN,0,,0,,0
2015091700,2015-09-17,4,4,58,DEN,KC,3,5,35,,0,,0,"(4:58) (SHOTGUN) 18-P.MANNING PASS INCOMPLETE SHORT RIGHT TO 88-D.THOMAS.",0,,,2015,0,SHOTGUN,PASS,0,1,1,0,"SHORT RIGHT",0,0,0,,0,0,0,0,0,0,,35,OWN,0,,0,,0
2015091700,2015-09-17,4,4,51,DEN,KC,4,5,35,,0,,0,"(4:51) 4-B.COLQUITT PUNTS 37 YARDS TO KC 28, CENTER-46-A.BREWER, OUT OF BOUNDS. PENALTY ON DEN-30-D.BRUTON, OFFENSIVE HOLDING, 10 YARDS, ENFORCED AT KC 28.",0,,,2015,0,PUNT,PUNT,0,0,0,0,,0,0,0,,0,0,0,1,0,0,,35,OWN,1,DEN,0,"OFFENSIVE HOLDING",10
2015092000,2015-09-20,1,13,52,HOU,CAR,4,16,22,,0,,0,"(13:52) 9-S.LECHLER PUNTS 48 YARDS TO CAR 30, CENTER-46-J.WEEKS, FAIR CATCH BY 19-T.GINN. PENALTY ON CAR-21-T.WILLIAMS, UNNECESSARY ROUGHNESS, 15 YARDS, ENFORCED AT CAR 30.",0,,,2015,0,PUNT,PUNT,0,0,0,0,,0,0,0,,0,0,0,1,0,0,,22,OWN,1,CAR,0,"UNNECESSARY ROUGHNESS",15
2015092000,2015-09-20,1,0,43,CAR,HOU,2,10,62,,0,,0,"(:43) (SHOTGUN) 1-C.NEWTON PASS SHORT LEFT TO 35-M.TOLBERT TO HOU 41 FOR -3 YARDS (55-B.MCKINNEY).",0,,,2015,-3,SHOTGUN,PASS,0,1,0,0,"SHORT LEFT",0,0,0,,0,0,0,0,0,0,,38,OPP,0,,0,,0
2015092000,2015-09-20,1,0,0,,HOU,0,0,0,,1,,0,"END QUARTER 1",0,,,2015,0,,,0,0,0,0,,0,0,0,,0,0,0,0,0,0,,0,OWN,0,,0,,0
2015092000,2015-09-20,2,15,0,CAR,HOU,3,13,59,,0,,0,"(15:00) (SHOTGUN) 1-C.NEWTON PASS INCOMPLETE DEEP MIDDLE TO 19-T.GINN.",0,,,2015,0,SHOTGUN,PASS,0,1,1,0,"DEEP MIDDLE",0,0,0,,0,0,0,0,0,0,,41,OPP,0,,0,,0
2015092000,2015-09-20,2,10,5,CAR,HOU,1,10,39,,0,,0,"(10:05) (SHOTGUN) 28-J.STEWART UP THE MIDDLE TO CAR 41 FOR 2 YARDS (99-J.WATT; 56-B.CUSHING).",0,,,2015,2,SHOTGUN,RUSH,1,0,0,0,,0,0,0,,0,0,0,0,0,0,CENTER,39,OWN,0,,0,,0
2015092000,2015-09-20,2,0,35,CAR,HOU,1,10,9,,1,,0,"(:35) 35-M.TOLBERT RIGHT GUARD TO CAR 20 FOR 11 YARDS (26-R.MOORE).",0,,,2015,11,"UNDER CENTER",RUSH,1,0,0,0,,0,0,0,,0,0,0,0,0,0,"RIGHT GUARD",9,OWN,0,,0,,0
2015092000,2015-09-20,2,0,19,CAR,HOU,1,10,20,,0,,0,"(:19) 35-M.TOLBERT UP THE MIDDLE TO CAR 23 FOR 3 YARDS (56-B.CUSHING).",0,,,2015,3,"UNDER CENTER",RUSH,1,0,0,0,,0,0,0,,0,0,0,0,0,0,CENTER,20,OWN,0,,0,,0
2015092000,2015-09-20,3,7,56,CAR,HOU,2,8,22,,1,,0,"(7:56) 1-C.NEWTON SCRAMBLES RIGHT END TO CAR 31 FOR 9 YARDS (24-J.JOSEPH).",0,,,2015,9,"UNDER CENTER",SCRAMBLE,1,0,0,0,,0,0,0,,0,0,0,0,0,0,,22,OWN,0,,0,,0
2015092000,2015-09-20,3,7,19,CAR,HOU,1,10,31,,0,,0,"(7:19) (NO HUDDLE, SHOTGUN) 1-C.NEWTON PASS INCOMPLETE SHORT LEFT TO 88-G.OLSEN.",0,,,2015,0,"NO HUDDLE SHOTGUN",PASS,0,1,1,0,"SHORT LEFT",0,0,0,,0,0,0,0,0,0,,31,OWN,0,,0,,0
2015092000,2015-09-20,4,9,2,CAR,HOU,1,10,64,,1,,0,"(9:02) 1-C.NEWTON PASS DEEP MIDDLE TO 10-C.BROWN FOR 36 YARDS, TOUCHDOWN.",0,,,2015,36,"UNDER CENTER",PASS,0,1,0,1,"DEEP MIDDLE",0,0,0,,0,0,0,0,0,0,,36,OPP,0,,0,,0
2015092000,2015-09-20,4,8,53,CAR,HOU,0,0,35,,1,,0,"9-G.GANO KICKS 65 YARDS FROM CAR 35 TO END ZONE, TOUCHBACK.",0,,,2015,0,"UNDER CENTER","KICK OFF",0,0,0,0,,0,0,0,,0,0,0,0,0,0,,35,OWN,0,,0,,0
2015092000,2015-09-20,4,2,39,HOU,CAR,2,10,43,,0,,0,"(2:39) (SHOTGUN) 22-C.POLK LEFT TACKLE TO HOU 47 FOR 4 YARDS (58-T.DAVIS).",0,,,2015,4,SHOTGUN,RUSH,1,0,0,0,,0,0,0,,0,0,0,0,0,0,"LEFT TACKLE",43,OWN,0,,0,,0
2015092001,2015-09-20,1,14,22,BUF,NE,2,6,24,,1,,0,"(14:22) (SHOTGUN) 5-T.TAYLOR SCRAMBLES RIGHT TACKLE PUSHED OB AT BUF 47 FOR 23 YARDS (91-J.COLLINS).",0,,,2015,23,SHOTGUN,SCRAMBLE,1,0,0,0,,0,0,0,,0,0,0,0,0,0,,24,OWN,0,,0,,0
2015092001,2015-09-20,1,13,49,BUF,NE,1,10,47,,1,,0,"(13:49) (SHOTGUN) 25-L.MCCOY LEFT TACKLE TO NE 38 FOR 15 YARDS (25-T.BROWN, 32-D.MCCOURTY).",0,,,2015,15,SHOTGUN,RUSH,1,0,0,0,,0,0,0,,0,0,0,0,0,0,"LEFT TACKLE",47,OWN,0,,0,,0
2015092001,2015-09-20,1,6,42,BUF,NE,4,15,23,,0,,0,"(6:42) 6-C.SCHMIDT PUNTS 49 YARDS TO NE 28, CENTER-65-G.SANBORN. 80-D.AMENDOLA PUSHED OB AT NE 38 FOR 10 YARDS (20-C.GRAHAM).",0,,,2015,0,PUNT,PUNT,0,0,0,0,,0,0,0,,0,0,0,0,0,0,,23,OWN,0,,0,,0
2015092001,2015-09-20,2,9,18,BUF,NE,3,3,59,,0,,0,"(9:18) (SHOTGUN) 5-T.TAYLOR PASS INCOMPLETE SHORT RIGHT TO 25-L.MCCOY. OVERTHROWN, RECEIVER AT NE 40. PENALTY ON BUF-76-J.MILLER, ILLEGAL USE OF HANDS, DECLINED.",0,,,2015,0,SHOTGUN,PASS,0,1,1,0,"SHORT RIGHT",0,0,0,,0,0,0,1,0,0,,41,OPP,0,BUF,0,"ILLEGAL USE OF HANDS",0
2015092001,2015-09-20,2,4,20,NE,BUF,1,10,27,,0,,0,"(4:20) (NO HUDDLE) 29-L.BLOUNT LEFT GUARD TO NE 27 FOR NO GAIN (23-A.WILLIAMS). PENALTY ON NE-67-J.KLINE, OFFENSIVE HOLDING, 10 YARDS, ENFORCED AT NE 27 - NO PLAY.",0,,,2015,0,"NO HUDDLE",RUSH,1,0,0,0,,0,0,0,,0,0,0,1,0,0,"LEFT GUARD",27,OWN,1,NE,1,"OFFENSIVE HOLDING",10
2015092001,2015-09-20,2,0,0,,NE,0,0,0,,1,,0,"END QUARTER 2",0,,,2015,0,,,0,0,0,0,,0,0,0,,0,0,0,0,0,0,,0,OWN,0,,0,,0
2015092001,2015-09-20,3,10,6,NE,BUF,4,3,97,,0,,0,"(10:06) 3-S.GOSTKOWSKI 21 YARD FIELD GOAL IS GOOD, CENTER-49-J.CARDONA, HOLDER-6-R.ALLEN.",0,,,2015,0,"FIELD GOAL","FIELD GOAL",0,0,0,0,,0,0,0,,0,0,0,0,0,0,,3,OPP,0,,0,,0
2015092001,2015-09-20,3,10,2,NE,BUF,0,0,35,,1,,0,"3-S.GOSTKOWSKI KICKS 63 YARDS FROM NE 35 TO BUF 2. 18-P.HARVIN TO BUF 22 FOR 20 YARDS (53-D.WATSON).",0,,,2015,0,"UNDER CENTER","KICK OFF",0,0,0,0,,0,0,0,,0,0,0,0,0,0,,35,OWN,0,,0,,0
2015092001,2015-09-20,3,4,15,NE,BUF,2,9,67,,1,,0,"(4:15) (NO HUDDLE, SHOTGUN) 12-T.BRADY PASS SHORT LEFT TO 17-A.DOBSON TO BUF 22 FOR 11 YARDS (37-N.ROBEY) [55-J.HUGHES]. CAUGHT AT BUF 22, SLANTING TO MIDDLE.",0,,,2015,11,"NO HUDDLE SHOTGUN",PASS,0,1,0,0,"SHORT LEFT",0,0,0,,0,0,0,0,0,0,,33,OPP,0,,0,,0
2015092001,2015-09-20,3,0,0,,NE,0,0,0,,1,,0,"END QUARTER 3",0,,,2015,0,,,0,0,0,0,,0,0,0,,0,0,0,0,0,0,,0,OWN,0,,0,,0
2015092001,2015-09-20,4,8,15,NE,BUF,4,1,59,,0,,0,"(8:15) 12-T.BRADY PASS INCOMPLETE DEEP MIDDLE TO 11-J.EDELMAN. OVERTHROWN, RECEIVER AT BUF 9.",0,,,2015,0,"UNDER CENTER",PASS,0,1,1,0,"DEEP MIDDLE",0,0,0,,0,0,0,0,0,0,,41,OPP,0,,0,,0
2015092001,2015-09-20,4,8,10,BUF,NE,1,10,41,,1,,0,"(8:10) (SHOTGUN) 25-L.MCCOY LEFT TACKLE TO NE 47 FOR 12 YARDS (32-D.MCCOURTY).",0,,,2015,12,SHOTGUN,RUSH,1,0,0,0,,0,0,0,,0,0,0,0,0,0,"LEFT TACKLE",41,OWN,0,,0,,0
2015092001,2015-09-20,4,4,16,NE,BUF,1,10,20,,0,,0,"(4:16) 12-T.BRADY PASS SHORT RIGHT TO 11-J.EDELMAN TO NE 26 FOR 6 YARDS (28-R.DARBY). CAUGHT AT NE 25, NEAR SIDELINE.",0,,,2015,6,"UNDER CENTER",PASS,0,1,0,0,"SHORT RIGHT",0,0,0,,0,0,0,0,0,0,,20,OWN,0,,0,,0
2015092002,2015-09-20,1,5,42,SD,CIN,1,10,52,,0,,0,"(5:42) 28-M.GORDON LEFT END PUSHED OB AT CIN 47 FOR 1 YARD (58-R.MAUALUGA).",0,,,2015,1,"UNDER CENTER",RUSH,1,0,0,0,,0,0,0,,0,0,0,0,0,0,"LEFT END",48,OPP,0,,0,,0
2015092002,2015-09-20,1,5,6,SD,CIN,2,9,53,,0,,0,"(5:06) (SHOTGUN) 39-D.WOODHEAD UP THE MIDDLE TO CIN 40 FOR 7 YARDS (27-D.KIRKPATRICK).",0,,,2015,7,SHOTGUN,RUSH,1,0,0,0,,0,0,0,,0,0,0,0,0,0,CENTER,47,OPP,0,,0,,0
2015092002,2015-09-20,1,4,13,CIN,SD,1,10,42,,0,,0,"(4:13) (SHOTGUN) 14-A.DALTON PASS SHORT MIDDLE TO 25-G.BERNARD TO CIN 47 FOR 5 YARDS (56-D.BUTLER; 50-M.TE'O).",0,,,2015,5,SHOTGUN,PASS,0,1,0,0,"SHORT MIDDLE",0,0,0,,0,0,0,0,0,0,,42,OWN,0,,0,,0
2015092002,2015-09-20,2,12,25,SD,CIN,2,8,65,,1,,0,"(12:25) (SHOTGUN) 17-P.RIVERS PASS SHORT LEFT TO 89-L.GREEN TO CIN 23 FOR 12 YARDS (24-A.JONES) [97-G.ATKINS].",0,,,2015,12,SHOTGUN,PASS,0,1,0,0,"SHORT LEFT",0,0,0,,0,0,0,0,0,0,,35,OPP,0,,0,,0
2015092002,2015-09-20,2,11,52,SD,CIN,1,10,77,,0,,0,"(11:52) 28-M.GORDON UP THE MIDDLE TO CIN 31 FOR -8 YARDS (90-M.JOHNSON). PENALTY ON SD-75-C.HAIRSTON, OFFENSIVE HOLDING, DECLINED.",0,,,2015,-8,"UNDER CENTER",RUSH,1,0,0,0,,0,0,0,,0,0,0,1,0,0,CENTER,23,OPP,0,SD,0,"OFFENSIVE HOLDING",0
2015092002,2015-09-20,2,5,28,SD,CIN,2,5,25,,0,,0,"(5:28) (SHOTGUN) 17-P.RIVERS PASS SHORT MIDDLE TO 13-K.ALLEN TO SD 28 FOR 3 YARDS (27-D.KIRKPATRICK).",0,,,2015,3,SHOTGUN,PASS,0,1,0,0,"SHORT MIDDLE",0,0,0,,0,0,0,0,0,0,,25,OWN,0,,0,,0
2015092002,2015-09-20,2,4,54,SD,CIN,3,2,28,,1,,0,"(4:54) (SHOTGUN) 17-P.RIVERS PASS SHORT MIDDLE TO 89-L.GREEN TO SD 32 FOR 4 YARDS (24-A.JONES).",0,,,2015,4,SHOTGUN,PASS,0,1,0,0,"SHORT MIDDLE",0,0,0,,0,0,0,0,0,0,,28,OWN,0,,0,,0
2015092002,2015-09-20,3,11,52,SD,CIN,1,10,70,,0,,0,"(11:52) (SHOTGUN) 17-P.RIVERS PASS SHORT RIGHT TO 11-S.JOHNSON TO CIN 15 FOR 15 YARDS (27-D.KIRKPATRICK). PENALTY ON CIN-27-D.KIRKPATRICK, DEFENSIVE HOLDING, DECLINED.",0,,,2015,15,SHOTGUN,PASS,0,1,0,0,"SHORT RIGHT",0,0,0,,0,0,0,1,0,0,,30,OPP,0,CIN,0,"DEFENSIVE HOLDING",0
2015092002,2015-09-20,3,3,51,CIN,SD,2,4,90,,0,,0,"(3:51) 25-G.BERNARD UP THE MIDDLE TO SD 2 FOR 8 YARDS (32-E.WEDDLE; 27-J.WILSON). PENALTY ON SD-54-M.INGRAM, DEFENSIVE OFFSIDE, DECLINED.",0,,,2015,8,"UNDER CENTER",RUSH,1,0,0,0,,0,0,0,,0,0,0,1,0,0,CENTER,10,OPP,0,SD,0,"DEFENSIVE OFFSIDE",0
2015092003,2015-09-20,1,15,0,CLE,TEN,0,0,35,,1,,0,"6-T.COONS KICKS 65 YARDS FROM CLE 35 TO END ZONE, TOUCHBACK.",0,,,2015,0,"UNDER CENTER","KICK OFF",0,0,0,0,,0,0,0,,0,0,0,0,0,0,,35,OWN,0,,0,,0
2015092003,2015-09-20,1,9,50,,TEN,0,0,0,,1,,0,"TIMEOUT #1 BY CLE AT 09:50.",0,,,2015,0,"UNDER CENTER",TIMEOUT,0,0,0,0,,0,0,0,,0,0,0,0,0,0,,0,OWN,0,,0,,0
2015092003,2015-09-20,1,7,11,CLE,TEN,1,10,72,,1,,0,"(7:11) (SHOTGUN) 2-J.MANZIEL PASS SHORT LEFT TO 82-G.BARNIDGE TO TEN 11 FOR 17 YARDS (21-D.SEARCY).",0,,,2015,17,SHOTGUN,PASS,0,1,0,0,"SHORT LEFT",0,0,0,,0,0,0,0,0,0,,28,OPP,0,,0,,0
2015092003,2015-09-20,1,0,46,TEN,CLE,2,7,58,,0,,0,"(:46) 22-D.MCCLUSTER RIGHT TACKLE TO CLE 38 FOR 4 YARDS (31-D.WHITNER).",0,,,2015,4,"UNDER CENTER",RUSH,1,0,0,0,,0,0,0,,0,0,0,0,0,0,"RIGHT TACKLE",42,OPP,0,,0,,0
2015092003,2015-09-20,2,0,53,TEN,CLE,1,10,20,,0,,0,"(:53) (SHOTGUN) 8-M.MARIOTA SACKED AT TEN 14 FOR -6 YARDS (98-J.MEDER).",0,,,2015,-6,SHOTGUN,SACK,0,0,0,0,,1,0,0,,0,0,0,0,0,0,,20,OWN,0,,0,,0
2015092003,2015-09-20,3,6,36,CLE,TEN,2,10,31,,0,,0,"(6:36) 2-J.MANZIEL PASS INCOMPLETE DEEP MIDDLE TO 80-D.BOWE [96-A.WOODS].",0,,,2015,0,"UNDER CENTER",PASS,0,1,1,0,"DEEP MIDDLE",0,0,0,,0,0,0,0,0,0,,31,OWN,0,,0,,0
2015092003,2015-09-20,4,12,55,TEN,CLE,1,10,35,,1,,0,"(12:55) (SHOTGUN) 8-M.MARIOTA PASS SHORT MIDDLE TO 80-A.FASANO TO TEN 46 FOR 11 YARDS (39-T.GIPSON; 56-K.DANSBY).",0,,,2015,11,SHOTGUN,PASS,0,1,0,0,"SHORT MIDDLE",0,0,0,,0,0,0,0,0,0,,35,OWN,0,,0,,0
2015092003,2015-09-20,4,3,7,CLE,TEN,2,8,48,,0,,0,"(3:07) 34-I.CROWELL LEFT GUARD TO 50 FOR 2 YARDS (33-M.GRIFFIN).",0,,,2015,2,"UNDER CENTER",RUSH,1,0,0,0,,0,0,0,,0,0,0,0,0,0,"LEFT GUARD",48,OWN,0,,0,,0
2015092004,2015-09-20,1,5,7,NYG,ATL,3,10,44,,0,,0,"(5:07) (NO HUDDLE, SHOTGUN) 10-E.MANNING PASS INCOMPLETE SHORT MIDDLE TO 86-J.CUNNINGHAM (25-W.MOORE).",0,,,2015,0,"NO HUDDLE SHOTGUN",PASS,0,1,1,0,"SHORT MIDDLE",0,0,0,,0,0,0,0,0,0,,44,OWN,0,,0,,0
2015092004,2015-09-20,2,15,0,NYG,ATL,2,9,36,,0,,0,"(15:00) (SHOTGUN) 10-E.MANNING PASS INCOMPLETE DEEP LEFT TO 13-O.BECKHAM JR..",0,,,2015,0,SHOTGUN,PASS,0,1,1,0,"DEEP LEFT",0,0,0,,0,0,0,0,0,0,,36,OWN,0,,0,,0
2015092004,2015-09-20,2,14,54,NYG,ATL,3,9,36,,1,,0,"(14:54) (NO HUDDLE, SHOTGUN) 10-E.MANNING PASS SHORT LEFT TO 13-O.BECKHAM JR. PUSHED OB AT NYG 46 FOR 10 YARDS (23-R.ALFORD).",0,,,2015,10,"NO HUDDLE SHOTGUN",PASS,0,1,0,0,"SHORT LEFT",0,0,0,,0,0,0,0,0,0,,36,OWN,0,,0,,0
2015092004,2015-09-20,3,13,24,NYG,ATL,1,10,42,,0,,0,"(13:24) (NO HUDDLE) 23-R.JENNINGS LEFT GUARD TO NYG 40 FOR -2 YARDS (94-T.JACKSON, 54-N.STUPAR). NYG-76-E.FLOWERS WAS INJURED DURING THE PLAY.",0,,,2015,-2,"NO HUDDLE",RUSH,1,0,0,0,,0,0,0,,0,0,0,0,0,0,"LEFT GUARD",42,OWN,0,,0,,0
2015092004,2015-09-20,3,10,53,NYG,ATL,0,0,85,,1,,0,"3-J.BROWN EXTRA POINT IS GOOD, CENTER-51-Z.DEOSSIE, HOLDER-9-B.WING.",0,,,2015,0,"UNDER CENTER","EXTRA POINT",0,0,0,0,,0,0,0,,0,0,0,0,0,0,,15,OPP,0,,0,,0
2015092004,2015-09-20,3,4,15,ATL,NYG,1,10,9,,1,,0,"(4:15) 2-M.RYAN PASS DEEP RIGHT TO 83-J.TAMME TO 50 FOR 41 YARDS (55-J.THOMAS) [91-R.AYERS JR.].",0,,,2015,41,"UNDER CENTER",PASS,0,1,0,0,"DEEP RIGHT",0,0,0,,0,0,0,0,0,0,,9,OWN,0,,0,,0
2015092004,2015-09-20,4,10,17,NYG,ATL,2,8,43,,1,,0,"(10:17) (NO HUDDLE, SHOTGUN) 34-S.VEREEN UP THE MIDDLE TO ATL 46 FOR 11 YARDS (25-W.MOORE).",0,,,2015,11,"NO HUDDLE SHOTGUN",RUSH,1,0,0,0,,0,0,0,,0,0,0,0,0,0,CENTER,43,OWN,0,,0,,0
2015092004,2015-09-20,4,9,51,NYG,ATL,1,10,54,,0,,0,"(9:51) (NO HUDDLE, SHOTGUN) 10-E.MANNING PASS SHORT MIDDLE TO 23-R.JENNINGS TO ATL 43 FOR 3 YARDS (59-J.BARTU).",0,,,2015,3,"NO HUDDLE SHOTGUN",PASS,0,1,0,0,"SHORT MIDDLE",0,0,0,,0,0,0,0,0,0,,46,OPP,0,,0,,0
2015092004,2015-09-20,4,8,53,,ATL,0,0,0,,1,,0,"TIMEOUT #1 BY ATL AT 08:53.",0,,,2015,0,"UNDER CENTER",TIMEOUT,0,0,0,0,,0,0,0,,0,0,0,0,0,0,,0,OWN,0,,0,,0
2015092004,2015-09-20,4,3,23,NYG,ATL,4,7,39,,0,,0,"(3:23) 9-B.WING PUNTS 41 YARDS TO ATL 20, CENTER-51-Z.DEOSSIE. 14-E.WEEMS TO ATL 30 FOR 10 YARDS (17-D.HARRIS, 59-D.KENNARD).",0,,,2015,0,PUNT,PUNT,0,0,0,0,,0,0,0,,0,0,0,0,0,0,,39,OWN,0,,0,,0
2015092005,2015-09-20,1,15,0,WAS,STL,0,0,35,,1,,0,"3-D.HOPKINS KICKS 65 YARDS FROM WAS 35 TO END ZONE, TOUCHBACK.",0,,,2015,0,"UNDER CENTER","KICK OFF",0,0,0,0,,0,0,0,,0,0,0,0,0,0,,35,OWN,0,,0,,0
2015092005,2015-09-20,3,13,2,WAS,STL,4,15,15,,0,,0,"(13:02) 5-T.WAY PUNTS 53 YARDS TO STL 32, CENTER-57-N.SUNDBERG, DOWNED BY WAS-59-T.PLUMMER.",0,,,2015,0,PUNT,PUNT,0,0,0,0,,0,0,0,,0,0,0,0,0,0,,15,OWN,0,,0,,0
2015092005,2015-09-20,3,5,29,WAS,STL,4,8,32,,0,,0,"(5:29) 5-T.WAY PUNTS 34 YARDS TO STL 34, CENTER-57-N.SUNDBERG, DOWNED BY WAS-51-W.COMPTON.",0,,,2015,0,PUNT,PUNT,0,0,0,0,,0,0,0,,0,0,0,0,0,0,,32,OWN,0,,0,,0
2015092005,2015-09-20,4,2,38,WAS,STL,0,0,85,,1,,0,"3-D.HOPKINS EXTRA POINT IS GOOD, CENTER-57-N.SUNDBERG, HOLDER-5-T.WAY.",0,,,2015,0,"UNDER CENTER","EXTRA POINT",0,0,0,0,,0,0,0,,0,0,0,0,0,0,,15,OPP,0,,0,,0
2015092005,2015-09-20,4,2,38,WAS,STL,0,0,35,,1,,0,"3-D.HOPKINS KICKS 65 YARDS FROM WAS 35 TO END ZONE, TOUCHBACK.",0,,,2015,0,"UNDER CENTER","KICK OFF",0,0,0,0,,0,0,0,,0,0,0,0,0,0,,35,OWN,0,,0,,0
2015092006,2015-09-20,1,13,36,CHI,ARI,1,10,41,,0,,0,"(13:36) (NO HUDDLE) 22-M.FORTE LEFT END TO CHI 42 FOR 1 YARD (51-K.MINTER).",0,,,2015,1,"NO HUDDLE",RUSH,1,0,0,0,,0,0,0,,0,0,0,0,0,0,"LEFT END",41,OWN,0,,0,,0
2015092006,2015-09-20,1,12,58,CHI,ARI,2,9,42,,0,,0,"(12:58) (NO HUDDLE, SHOTGUN) 6-J.CUTLER PASS SHORT RIGHT TO 86-Z.MILLER TO CHI 44 FOR 2 YARDS (21-P.PETERSON). PENALTY ON CHI-86-Z.MILLER, OFFENSIVE PASS INTERFERENCE, 10 YARDS, ENFORCED AT CHI 42 - NO PLAY.",0,,,2015,2,"NO HUDDLE SHOTGUN",PASS,0,1,0,0,"SHORT RIGHT",0,0,0,,0,0,0,1,0,0,,42,OWN,1,CHI,1,"OFFENSIVE PASS INTERFERENCE",10
2015092006,2015-09-20,1,12,27,CHI,ARI,2,19,32,,0,,0,"(12:27) (SHOTGUN) 6-J.CUTLER PASS INCOMPLETE DEEP RIGHT TO 83-M.BENNETT. PENALTY ON ARI-51-K.MINTER, DEFENSIVE PASS INTERFERENCE, 22 YARDS, ENFORCED AT CHI 32 - NO PLAY.",0,,,2015,0,SHOTGUN,PASS,0,1,1,0,"DEEP RIGHT",0,0,0,,0,0,0,1,0,0,,32,OWN,1,ARI,1,"DEFENSIVE PASS INTERFERENCE",22
2015092006,2015-09-20,1,4,3,CHI,ARI,2,7,47,,0,,0,"(4:03) (NO HUDDLE, SHOTGUN) 35-J.RODGERS RIGHT GUARD TO ARI 48 FOR 5 YARDS (26-R.JOHNSON).",0,,,2015,5,"NO HUDDLE SHOTGUN",RUSH,1,0,0,0,,0,0,0,,0,0,0,0,0,0,"RIGHT GUARD",47,OWN,0,,0,,0
2015092006,2015-09-20,1,3,29,CHI,ARI,3,2,52,,1,,0,"(3:29) (NO HUDDLE, SHOTGUN) 6-J.CUTLER PASS DEEP LEFT TO 11-J.BELLAMY FOR 48 YARDS, TOUCHDOWN.",0,,,2015,48,"NO HUDDLE SHOTGUN",PASS,0,1,0,1,"DEEP LEFT",0,0,0,,0,0,0,0,0,0,,48,OPP,0,,0,,0
2015092006,2015-09-20,2,13,36,CHI,ARI,1,10,51,,0,,0,"(13:36) (SHOTGUN) 33-J.LANGFORD LEFT GUARD TO ARI 43 FOR 6 YARDS (22-T.JEFFERSON).",0,,,2015,6,SHOTGUN,RUSH,1,0,0,0,,0,0,0,,0,0,0,0,0,0,"LEFT GUARD",49,OPP,0,,0,,0
2015092006,2015-09-20,2,3,51,ARI,CHI,0,0,85,,0,,0,"7-C.CATANZARO EXTRA POINT IS GOOD, CENTER-82-M.LEACH, HOLDER-2-D.BUTLER. PENALTY ON CHI-93-W.SUTTON, DEFENSIVE OFFSIDE, 5 YARDS, ENFORCED BETWEEN DOWNS.",0,,,2015,0,"UNDER CENTER","EXTRA POINT",0,0,0,0,,0,0,0,,0,0,0,1,0,0,,15,OPP,1,CHI,0,"DEFENSIVE OFFSIDE",5
2015092006,2015-09-20,2,3,51,ARI,CHI,0,0,40,,1,,0,"7-C.CATANZARO KICKS 60 YARDS FROM ARI 40 TO END ZONE, TOUCHBACK.",0,,,2015,0,"UNDER CENTER","KICK OFF",0,0,0,0,,0,0,0,,0,0,0,0,0,0,,40,OWN,0,,0,,0
2015092006,2015-09-20,2,0,39,,ARI,0,0,0,,1,,0,"TIMEOUT #1 BY CHI AT 00:39.",0,,,2015,0,"UNDER CENTER",TIMEOUT,0,0,0,0,,0,0,0,,0,0,0,0,0,0,,0,OWN,0,,0,,0
2015092006,2015-09-20,3,3,14,CHI,ARI,3,17,55,,0,,0,"(3:14) (SHOTGUN) 8-J.CLAUSEN PASS SHORT LEFT TO 19-E.ROYAL TO ARI 33 FOR 12 YARDS (51-K.MINTER).",0,,,2015,12,SHOTGUN,PASS,0,1,0,0,"SHORT LEFT",0,0,0,,0,0,0,0,0,0,,45,OPP,0,,0,,0
2015092006,2015-09-20,3,0,0,,ARI,0,0,0,,1,,0,"END QUARTER 3",0,,,2015,0,,,0,0,0,0,,0,0,0,,0,0,0,0,0,0,,0,OWN,0,,0,,0
2015092006,2015-09-20,4,11,47,ARI,CHI,1,10,53,,0,,0,"(11:47) 23-C.JOHNSON LEFT TACKLE TO CHI 48 FOR -1 YARDS (98-B.DUNN; 92-P.MCPHEE).",0,,,2015,-1,"UNDER CENTER",RUSH,1,0,0,0,,0,0,0,,0,0,0,0,0,0,"LEFT TACKLE",47,OPP,0,,0,,0
2015092007,2015-09-20,2,10,23,DET,MIN,2,3,68,,0,,0,"(10:23) 21-A.ABDULLAH RIGHT END TO MIN 30 FOR 2 YARDS (50-G.HODGES).",0,,,2015,2,"UNDER CENTER",RUSH,1,0,0,0,,0,0,0,,0,0,0,0,0,0,"RIGHT END",32,OPP,0,,0,,0
2015092007,2015-09-20,2,9,47,DET,MIN,3,1,70,,1,,0,"(9:47) 46-M.BURTON UP THE MIDDLE TO MIN 28 FOR 2 YARDS (96-B.ROBISON).",0,,,2015,2,"UNDER CENTER",RUSH,1,0,0,0,,0,0,0,,0,0,0,0,0,0,CENTER,30,OPP,0,,0,,0
2015092007,2015-09-20,2,9,4,DET,MIN,1,10,72,,1,,0,"(9:04) (SHOTGUN) 9-M.STAFFORD PASS SHORT MIDDLE TO 35-J.BELL TO MIN 12 FOR 16 YARDS (34-A.SENDEJO, 50-G.HODGES).",0,,,2015,16,SHOTGUN,PASS,0,1,0,0,"SHORT MIDDLE",0,0,0,,0,0,0,0,0,0,,28,OPP,0,,0,,0
2015092007,2015-09-20,3,4,45,DET,MIN,1,10,8,,0,,0,"(4:45) (SHOTGUN) 9-M.STAFFORD PASS SHORT RIGHT TO 81-C.JOHNSON TO DET 13 FOR 5 YARDS (29-X.RHODES).",0,,,2015,5,SHOTGUN,PASS,0,1,0,0,"SHORT RIGHT",0,0,0,,0,0,0,0,0,0,,8,OWN,0,,0,,0
2015092007,2015-09-20,3,4,17,DET,MIN,2,5,13,,0,,0,"(4:17) (SHOTGUN) 21-A.ABDULLAH UP THE MIDDLE TO DET 16 FOR 3 YARDS (94-J.TRATTOU).",0,,,2015,3,SHOTGUN,RUSH,1,0,0,0,,0,0,0,,0,0,0,0,0,0,CENTER,13,OWN,0,,0,,0
2015092007,2015-09-20,4,12,34,MIN,DET,4,1,37,,0,,0,"(12:34) (PUNT FORMATION) 18-J.LOCKE PUNTS 42 YARDS TO DET 21, CENTER-47-K.MCDERMOTT. 15-G.TATE TO DET 23 FOR 2 YARDS (35-M.SHERELS).",0,,,2015,0,PUNT,PUNT,0,0,0,0,,0,0,0,,0,0,0,0,0,0,,37,OWN,0,,0,,0
2015092007,2015-09-20,4,4,57,DET,MIN,1,10,33,,0,,0,"(4:57) (SHOTGUN) 9-M.STAFFORD PASS SHORT LEFT TO 81-C.JOHNSON TO DET 37 FOR 4 YARDS (29-X.RHODES; 54-E.KENDRICKS).",0,,,2015,4,SHOTGUN,PASS,0,1,0,0,"SHORT LEFT",0,0,0,,0,0,0,0,0,0,,33,OWN,0,,0,,0
2015092007,2015-09-20,4,1,47,MIN,DET,1,10,52,,1,,0,"(1:47) 28-A.PETERSON RIGHT END TO DET 29 FOR 19 YARDS (23-D.SLAY).",0,,,2015,19,"UNDER CENTER",RUSH,1,0,0,0,,0,0,0,,0,0,0,0,0,0,"RIGHT END",48,OPP,0,,0,,0
2015092007,2015-09-20,4,1,36,,DET,0,0,0,,1,,0,"TIMEOUT #2 BY DET AT 01:36.",0,,,2015,0,"UNDER CENTER",TIMEOUT,0,0,0,0,,0,0,0,,0,0,0,0,0,0,,0,OWN,0,,0,,0
2015092008,2015-09-20,1,0,50,,TB,0,0,0,,1,,0,"TIMEOUT #1 BY NO AT 00:50.",0,,,2015,0,"UNDER CENTER",TIMEOUT,0,0,0,0,,0,0,0,,0,0,0,0,0,0,,0,OWN,0,,0,,0
2015092008,2015-09-20,1,0,45,NO,TB,1,10,20,,0,,0,"(:45) 22-M.INGRAM RIGHT TACKLE TO NO 20 FOR NO GAIN (51-D.LANSANAH).",0,,,2015,0,"UNDER CENTER",RUSH,1,0,0,0,,0,0,0,,0,0,0,0,0,0,"RIGHT TACKLE",20,OWN,0,,0,,0
2015092008,2015-09-20,1,0,15,NO,TB,2,10,20,,0,,0,"(:15) (SHOTGUN) 9-D.BREES PASS SHORT LEFT TO 22-M.INGRAM TO NO 26 FOR 6 YARDS (54-L.DAVID). PASS -6, YAC 12",0,,,2015,6,SHOTGUN,PASS,0,1,0,0,"SHORT LEFT",0,0,0,,0,0,0,0,0,0,,20,OWN,0,,0,,0
2015092008,2015-09-20,2,8,6,TB,NO,1,10,46,,0,,0,"(8:06) 34-C.SIMS LEFT TACKLE TO NO 47 FOR 7 YARDS (44-H.KIKAHA; 38-K.PHILLIPS).",0,,,2015,7,"UNDER CENTER",RUSH,1,0,0,0,,0,0,0,,0,0,0,0,0,0,"LEFT TACKLE",46,OWN,0,,0,,0
2015092008,2015-09-20,2,7,31,TB,NO,2,3,53,,0,,0,"(7:31) 34-C.SIMS LEFT END TO NO 46 FOR 1 YARD (94-C.JORDAN).",0,,,2015,1,"UNDER CENTER",RUSH,1,0,0,0,,0,0,0,,0,0,0,0,0,0,"LEFT END",47,OPP,0,,0,,0
2015092008,2015-09-20,2,6,54,TB,NO,3,2,54,,1,,0,"(6:54) 3-J.WINSTON SCRAMBLES LEFT END RAN OB AT NO 44 FOR 2 YARDS (39-B.BROWNER).",0,,,2015,2,"UNDER CENTER",SCRAMBLE,1,0,0,0,,0,0,0,,0,0,0,0,0,0,,46,OPP,0,,0,,0
2015092008,2015-09-20,2,1,1,,TB,0,0,0,,1,,0,"TIMEOUT #2 BY NO AT 01:01.",0,,,2015,0,"UNDER CENTER",TIMEOUT,0,0,0,0,,0,0,0,,0,0,0,0,0,0,,0,OWN,0,,0,,0
2015092008,2015-09-20,3,13,2,TB,NO,0,0,85,,1,,0,"2-K.BRINDZA EXTRA POINT IS GOOD, CENTER-48-A.DEPAOLA, HOLDER-5-J.SCHUM.",0,,,2015,0,"UNDER CENTER","EXTRA POINT",0,0,0,0,,0,0,0,,0,0,0,0,0,0,,15,OPP,0,,0,,0
2015092008,2015-09-20,3,13,2,TB,NO,0,0,35,,1,,0,"2-K.BRINDZA KICKS 70 YARDS FROM TB 35 TO NO -5. 23-M.MURPHY TO NO 18 FOR 23 YARDS (23-C.CONTE).",0,,,2015,0,"UNDER CENTER","KICK OFF",0,0,0,0,,0,0,0,,0,0,0,0,0,0,,35,OWN,0,,0,,0
2015092008,2015-09-20,3,5,33,NO,TB,1,10,32,,0,,0,"(5:33) 29-K.ROBINSON RIGHT GUARD TO NO 36 FOR 4 YARDS (77-T.MCDANIEL).",0,,,2015,4,"UNDER CENTER",RUSH,1,0,0,0,,0,0,0,,0,0,0,0,0,0,"RIGHT GUARD",32,OWN,0,,0,,0
2015092008,2015-09-20,3,4,57,NO,TB,2,6,36,,0,,0,"(4:57) 9-D.BREES PASS SHORT RIGHT TO 82-B.WATSON TO NO 40 FOR 4 YARDS (58-K.ALEXANDER; 28-T.JENNINGS). PASS 0, YAC 4",0,,,2015,4,"UNDER CENTER",PASS,0,1,0,0,"SHORT RIGHT",0,0,0,,0,0,0,0,0,0,,36,OWN,0,,0,,0
2015092008,2015-09-20,3,4,18,NO,TB,3,2,40,,1,,0,"(4:18) (SHOTGUN) 9-D.BREES PASS SHORT RIGHT TO 83-W.SNEAD TO NO 48 FOR 8 YARDS (26-S.MOORE). FUMBLES (26-S.MOORE), TOUCHED AT NO 48, RECOVERED BY TB-36-D.SWEARINGER AT TB 28. 36-D.SWEARINGER TO TB 40 FOR 12 YARDS (89-J.HILL). PASS 2, YAC 6. SNEED HAD THE BALL KNOCKED OUT OF HIS HANDS BY MOORE FROM BEHIND, WHO BATTED THE BALL INTO TAMPA BAY TERRITORY.",0,,,2015,8,SHOTGUN,PASS,0,1,0,0,"SHORT RIGHT",0,0,0,,0,0,1,0,0,0,,40,OWN,0,,0,,0
2015092008,2015-09-20,4,14,21,NO,TB,3,5,68,,0,,0,"(14:21) (SHOTGUN) 9-D.BREES PASS SHORT MIDDLE TO 16-B.COLEMAN TO TB 28 FOR 4 YARDS (54-L.DAVID). PASS 2, YAC 2",0,,,2015,4,SHOTGUN,PASS,0,1,0,0,"SHORT MIDDLE",0,0,0,,0,0,0,0,0,0,,32,OPP,0,,0,,0
2015092008,2015-09-20,4,2,6,,TB,0,0,0,,1,,0,"TIMEOUT #1 BY TB AT 02:06.",0,,,2015,0,"UNDER CENTER",TIMEOUT,0,0,0,0,,0,0,0,,0,0,0,0,0,0,,0,OWN,0,,0,,0
2015092009,2015-09-20,1,13,46,PIT,SF,3,10,20,,1,,0,"(13:46) (SHOTGUN) 7-B.ROETHLISBERGER PASS DEEP LEFT TO 84-A.BROWN TO PIT 48 FOR 28 YARDS (35-E.REID). SAN FRANCISCO CHALLENGED THE PASS COMPLETION RULING, AND THE PLAY WAS UPHELD. THE RULING ON THE FIELD WAS CONFIRMED. (TIMEOUT #1.)",0,,,2015,28,SHOTGUN,PASS,0,1,0,0,"DEEP LEFT",0,1,0,,0,0,0,0,0,0,,20,OWN,0,,0,,0
2015092009,2015-09-20,1,6,25,PIT,SF,1,10,63,,0,,0,"(6:25) (NO HUDDLE, SHOTGUN) 34-DE.WILLIAMS LEFT TACKLE TO SF 31 FOR 6 YARDS (20-K.ACKER; 53-N.BOWMAN).",0,,,2015,6,"NO HUDDLE SHOTGUN",RUSH,1,0,0,0,,0,0,0,,0,0,0,0,0,0,"LEFT TACKLE",37,OPP,0,,0,,0
2015092009,2015-09-20,1,5,1,PIT,SF,1,9,91,,0,,0,"(5:01) (SHOTGUN) 34-DE.WILLIAMS UP THE MIDDLE TO SF 2 FOR 7 YARDS (57-M.WILHOITE).",0,,,2015,7,SHOTGUN,RUSH,1,0,0,0,,0,0,0,,0,0,0,0,0,0,CENTER,9,OPP,0,,0,,0
2015092009,2015-09-20,2,8,2,SF,PIT,1,10,18,,0,,0,"(8:02) (SHOTGUN) 28-C.HYDE UP THE MIDDLE TO SF 22 FOR 4 YARDS (55-A.MOATS, 95-J.JONES).",0,,,2015,4,SHOTGUN,RUSH,1,0,0,0,,0,0,0,,0,0,0,0,0,0,CENTER,18,OWN,0,,0,,0
2015092009,2015-09-20,2,0,0,,SF,0,0,0,,1,,0,"END QUARTER 2",0,,,2015,0,,,0,0,0,0,,0,0,0,,0,0,0,0,0,0,,0,OWN,0,,0,,0
2015092009,2015-09-20,3,0,0,,SF,0,0,0,,1,,0,"END QUARTER 3",0,,,2015,0,,,0,0,0,0,,0,0,0,,0,0,0,0,0,0,,0,OWN,0,,0,,0
2015092009,2015-09-20,4,3,16,SF,PIT,1,6,94,,0,,0,"(3:16) (NO HUDDLE, SHOTGUN) 22-M.DAVIS RIGHT TACKLE TO PIT 3 FOR 3 YARDS (94-L.TIMMONS, 31-R.COCKRELL).",0,,,2015,3,"NO HUDDLE SHOTGUN",RUSH,1,0,0,0,,0,0,0,,0,0,0,0,0,0,"RIGHT TACKLE",6,OPP,0,,0,,0
2015092009,2015-09-20,4,2,48,SF,PIT,2,3,97,,0,,0,"(2:48) (NO HUDDLE, SHOTGUN) 7-C.KAEPERNICK PASS INCOMPLETE SHORT LEFT TO 81-A.BOLDIN. COVERAGE BY #41 BLAKE, PRESSURE BY #97 HEYWARD.",0,,,2015,0,"NO HUDDLE SHOTGUN",PASS,0,1,1,0,"SHORT LEFT",0,0,0,,0,0,0,0,0,0,,3,OPP,0,,0,,0
2015092009,2015-09-20,4,2,40,,SF,0,0,0,,1,,0,"TIMEOUT #3 BY SF AT 02:40.",0,,,2015,0,"UNDER CENTER",TIMEOUT,0,0,0,0,,0,0,0,,0,0,0,0,0,0,,0,OWN,0,,0,,0
2015092010,2015-09-20,1,12,36,OAK,BAL,1,7,93,,0,,0,"(12:36) (SHOTGUN) 28-L.MURRAY UP THE MIDDLE TO BAL 5 FOR 2 YARDS (98-B.WILLIAMS).",0,,,2015,2,SHOTGUN,RUSH,1,0,0,0,,0,0,0,,0,0,0,0,0,0,CENTER,7,OPP,0,,0,,0
2015092010,2015-09-20,2,12,57,OAK,BAL,1,1,99,,1,,0,"(12:57) 69-K.BARNES REPORTED IN AS ELIGIBLE.  28-L.MURRAY RIGHT TACKLE FOR 1 YARD, TOUCHDOWN.",0,,,2015,1,"UNDER CENTER",RUSH,1,0,0,1,,0,0,0,,0,0,0,0,0,0,"RIGHT TACKLE",1,OPP,0,,0,,0
2015092010,2015-09-20,2,4,43,OAK,BAL,2,3,64,,1,,0,"(4:43) (NO HUDDLE, SHOTGUN) 4-D.CARR PASS SHORT MIDDLE TO 15-M.CRABTREE TO BAL 32 FOR 4 YARDS (57-C.MOSLEY).",0,,,2015,4,"NO HUDDLE SHOTGUN",PASS,0,1,0,0,"SHORT MIDDLE",0,0,0,,0,0,0,0,0,0,,36,OPP,0,,0,,0
2015092010,2015-09-20,2,4,2,OAK,BAL,1,10,68,,0,,0,"(4:02) (SHOTGUN) PENALTY ON OAK-72-D.PENN, FALSE START, 5 YARDS, ENFORCED AT BAL 32 - NO PLAY.",0,,,2015,0,SHOTGUN,"NO PLAY",0,0,0,0,,0,0,0,,0,0,0,1,0,0,,32,OPP,1,OAK,1,"FALSE START",5
2015092010,2015-09-20,2,0,30,BAL,OAK,2,20,68,,0,,0,"(:30) (SHOTGUN) 29-J.FORSETT UP THE MIDDLE TO OAK 21 FOR 11 YARDS (50-C.LOFTON; 42-L.ASANTE).",0,,,2015,11,SHOTGUN,RUSH,1,0,0,0,,0,0,0,,0,0,0,0,0,0,CENTER,32,OPP,0,,0,,0
2015092010,2015-09-20,3,10,53,OAK,BAL,2,1,61,,1,,0,"(10:53) 28-L.MURRAY UP THE MIDDLE TO BAL 32 FOR 7 YARDS (93-L.GUY).",0,,,2015,7,"UNDER CENTER",RUSH,1,0,0,0,,0,0,0,,0,0,0,0,0,0,CENTER,39,OPP,0,,0,,0
2015092010,2015-09-20,4,3,52,BAL,OAK,2,6,78,,0,,0,"(3:52) (SHOTGUN) 34-L.TALIAFERRO UP THE MIDDLE TO OAK 17 FOR 5 YARDS (91-J.TUCK).",0,,,2015,5,SHOTGUN,RUSH,1,0,0,0,,0,0,0,,0,0,0,0,0,0,CENTER,22,OPP,0,,0,,0
2015092010,2015-09-20,4,3,19,BAL,OAK,3,1,83,,1,,0,"(3:19) 29-J.FORSETT LEFT END TO OAK 15 FOR 2 YARDS (50-C.LOFTON).",0,,,2015,2,"UNDER CENTER",RUSH,1,0,0,0,,0,0,0,,0,0,0,0,0,0,"LEFT END",17,OPP,0,,0,,0
2015092010,2015-09-20,4,2,32,BAL,OAK,1,10,85,,0,,0,"(2:32) 29-J.FORSETT UP THE MIDDLE TO OAK 13 FOR 2 YARDS (51-B.HEENEY).",0,,,2015,2,"UNDER CENTER",RUSH,1,0,0,0,,0,0,0,,0,0,0,0,0,0,CENTER,15,OPP,0,,0,,0
2015092010,2015-09-20,4,2,25,,BAL,0,0,0,,1,,0,"TIMEOUT #2 BY OAK AT 02:25.",0,,,2015,0,"UNDER CENTER",TIMEOUT,0,0,0,0,,0,0,0,,0,0,0,0,0,0,,0,OWN,0,,0,,0
2015092010,2015-09-20,4,0,46,,BAL,0,0,0,,1,,0,"TIMEOUT #2 BY BAL AT 00:46.",0,,,2015,0,"UNDER CENTER",TIMEOUT,0,0,0,0,,0,0,0,,0,0,0,0,0,0,,0,OWN,0,,0,,0
2015092011,2015-09-20,1,9,21,JAC,MIA,0,0,85,,1,,0,"(KICK FORMATION) 2-J.MYERS EXTRA POINT IS GOOD, CENTER-46-C.TINKER, HOLDER-19-B.ANGER.",0,,,2015,0,"UNDER CENTER","EXTRA POINT",0,0,0,0,,0,0,0,,0,0,0,0,0,0,,15,OPP,0,,0,,0
2015092011,2015-09-20,1,1,42,JAC,MIA,1,10,28,,1,,0,"(1:42) 11-M.LEE RIGHT END TO JAC 40 FOR 12 YARDS (53-J.JENKINS).",0,,,2015,12,"UNDER CENTER",RUSH,1,0,0,0,,0,0,0,,0,0,0,0,0,0,"RIGHT END",28,OWN,0,,0,,0
2015092011,2015-09-20,2,7,26,JAC,MIA,2,9,43,,0,,0,"(7:26) (SHOTGUN) 24-T.YELDON UP THE MIDDLE TO JAC 44 FOR 1 YARD (20-R.JONES).",0,,,2015,1,SHOTGUN,RUSH,1,0,0,0,,0,0,0,,0,0,0,0,0,0,CENTER,43,OWN,0,,0,,0
2015092011,2015-09-20,2,6,45,JAC,MIA,3,8,44,,0,,0,"(6:45) (SHOTGUN) 5-B.BORTLES PASS INCOMPLETE SHORT LEFT TO 86-C.HARBOR. PENALTY ON MIA-22-J.TAYLOR, ILLEGAL CONTACT, 5 YARDS, ENFORCED AT JAC 44 - NO PLAY.",0,,,2015,0,SHOTGUN,PASS,0,1,1,0,"SHORT LEFT",0,0,0,,0,0,0,1,0,0,,44,OWN,1,MIA,1,"ILLEGAL CONTACT",5
2015092011,2015-09-20,2,1,44,JAC,MIA,2,10,20,,0,,0,"(1:44) (SHOTGUN) 5-B.BORTLES PASS INCOMPLETE SHORT LEFT TO 24-T.YELDON.",0,,,2015,0,SHOTGUN,PASS,0,1,1,0,"SHORT LEFT",0,0,0,,0,0,0,0,0,0,,20,OWN,0,,0,,0
2015092011,2015-09-20,3,4,57,MIA,JAC,3,15,34,,0,,0,"(4:57) (SHOTGUN) 17-R.TANNEHILL PASS SHORT RIGHT TO 26-L.MILLER TO MIA 42 FOR 8 YARDS (35-D.MCCRAY; 50-T.SMITH).",0,,,2015,8,SHOTGUN,PASS,0,1,0,0,"SHORT RIGHT",0,0,0,,0,0,0,0,0,0,,34,OWN,0,,0,,0
2015092011,2015-09-20,4,12,20,JAC,MIA,3,10,20,,0,,0,"(12:20) (SHOTGUN) 5-B.BORTLES PASS INCOMPLETE SHORT LEFT TO 13-R.GREENE.",0,,,2015,0,SHOTGUN,PASS,0,1,1,0,"SHORT LEFT",0,0,0,,0,0,0,0,0,0,,20,OWN,0,,0,,0
2015092011,2015-09-20,4,0,43,JAC,MIA,4,1,90,,0,,0,"(:43) (FIELD GOAL FORMATION) 2-J.MYERS 28 YARD FIELD GOAL IS GOOD, CENTER-46-C.TINKER, HOLDER-19-B.ANGER.",0,,,2015,0,"FIELD GOAL","FIELD GOAL",0,0,0,0,,0,0,0,,0,0,0,0,0,0,,10,OPP,0,,0,,0
2015092012,2015-09-20,1,9,38,DAL,PHI,4,1,22,,0,,0,"(9:38) 6-C.JONES PUNTS 60 YARDS TO PHI 18, CENTER-91-L.LADOUCEUR, OUT OF BOUNDS.",0,,,2015,0,PUNT,PUNT,0,0,0,0,,0,0,0,,0,0,0,0,0,0,,22,OWN,0,,0,,0
2015092012,2015-09-20,1,9,28,PHI,DAL,1,10,18,,0,,0,"(9:28) 29-D.MURRAY UP THE MIDDLE TO PHI 21 FOR 3 YARDS (59-A.HITCHENS; 92-J.MINCEY).",0,,,2015,3,"UNDER CENTER",RUSH,1,0,0,0,,0,0,0,,0,0,0,0,0,0,CENTER,18,OWN,0,,0,,0
2015092012,2015-09-20,1,1,50,DAL,PHI,2,1,99,,0,,0,"(1:50) 9-T.ROMO PASS INCOMPLETE SHORT LEFT TO 89-G.ESCOBAR.",0,,,2015,0,"UNDER CENTER",PASS,0,1,1,0,"SHORT LEFT",0,0,0,,0,0,0,0,0,0,,1,OPP,0,,0,,0
2015092012,2015-09-20,1,1,39,DAL,PHI,0,0,35,,1,,0,"5-D.BAILEY KICKS 65 YARDS FROM DAL 35 TO END ZONE, TOUCHBACK.",0,,,2015,0,"UNDER CENTER","KICK OFF",0,0,0,0,,0,0,0,,0,0,0,0,0,0,,35,OWN,0,,0,,0
2015092012,2015-09-20,1,1,39,PHI,DAL,1,10,20,,0,,0,"(1:39) (SHOTGUN) 29-D.MURRAY RIGHT GUARD TO PHI 22 FOR 2 YARDS (50-S.LEE; 59-A.HITCHENS).",0,,,2015,2,SHOTGUN,RUSH,1,0,0,0,,0,0,0,,0,0,0,0,0,0,"RIGHT GUARD",20,OWN,0,,0,,0
2015092012,2015-09-20,2,9,10,DAL,PHI,1,15,23,,0,,0,"(9:10) 21-J.RANDLE LEFT END TO DAL 26 FOR 3 YARDS (26-W.THURMOND).",0,,,2015,3,"UNDER CENTER",RUSH,1,0,0,0,,0,0,0,,0,0,0,0,0,0,"LEFT END",23,OWN,0,,0,,0
2015092012,2015-09-20,2,8,24,DAL,PHI,2,12,26,,0,,0,"(8:24) (SHOTGUN) 9-T.ROMO PASS INCOMPLETE DEEP RIGHT TO 83-T.WILLIAMS.",0,,,2015,0,SHOTGUN,PASS,0,1,1,0,"DEEP RIGHT",0,0,0,,0,0,0,0,0,0,,26,OWN,0,,0,,0
2015092012,2015-09-20,2,8,16,DAL,PHI,3,12,26,,0,,0,"(8:16) (SHOTGUN) 9-T.ROMO PASS SHORT LEFT TO 83-T.WILLIAMS TO DAL 40 FOR 14 YARDS (23-N.CARROLL). PENALTY ON DAL-77-T.SMITH, ILLEGAL FORMATION, 5 YARDS, ENFORCED AT DAL 26 - NO PLAY.",0,,,2015,14,SHOTGUN,PASS,0,1,0,0,"SHORT LEFT",0,0,0,,0,0,0,1,0,0,,26,OWN,1,DAL,1,"ILLEGAL FORMATION",5
2015092012,2015-09-20,2,2,0,DAL,PHI,3,4,29,,0,,0,"(2:00) (SHOTGUN) PENALTY ON PHI-75-V.CURRY, NEUTRAL ZONE INFRACTION, 5 YARDS, ENFORCED AT DAL 29 - NO PLAY.",0,,,2015,0,SHOTGUN,"NO PLAY",0,0,0,0,,0,0,0,,0,0,0,1,0,0,,29,OWN,1,PHI,1,"NEUTRAL ZONE INFRACTION",5
2015092012,2015-09-20,4,4,47,PHI,DAL,1,10,34,,1,,0,"(4:47) (NO HUDDLE, SHOTGUN) 7-S.BRADFORD PASS SHORT LEFT TO 81-J.MATTHEWS RAN OB AT PHI 47 FOR 13 YARDS.",0,,,2015,13,"NO HUDDLE SHOTGUN",PASS,0,1,0,0,"SHORT LEFT",0,0,0,,0,0,0,0,0,0,,34,OWN,0,,0,,0
2015092012,2015-09-20,4,1,58,PHI,DAL,3,1,99,,0,,0,"(1:58) (NO HUDDLE, SHOTGUN) 29-D.MURRAY LEFT GUARD FOR 1 YARD, TOUCHDOWN NULLIFIED BY PENALTY. PENALTY ON PHI-76-A.BARBRE, OFFENSIVE HOLDING, 10 YARDS, ENFORCED AT DAL 1 - NO PLAY.",0,,,2015,1,"NO HUDDLE SHOTGUN",RUSH,1,0,0,1,,0,0,0,,0,0,0,1,0,0,"LEFT GUARD",1,OPP,1,PHI,1,"OFFENSIVE HOLDING",10
2015092012,2015-09-20,4,1,54,PHI,DAL,3,11,89,,0,,0,"(1:54) (SHOTGUN) PENALTY ON PHI-7-S.BRADFORD, DELAY OF GAME, 5 YARDS, ENFORCED AT DAL 11 - NO PLAY.",0,,,2015,0,SHOTGUN,"NO PLAY",0,0,0,0,,0,0,0,,0,0,0,1,0,0,,11,OPP,1,PHI,1,"DELAY OF GAME",5
2015092013,2015-09-20,1,4,55,SEA,GB,2,10,47,,1,,0,"(4:55) (SHOTGUN) 3-R.WILSON LEFT END TO GB 43 FOR 10 YARDS (52-C.MATTHEWS).",0,,,2015,10,SHOTGUN,RUSH,1,0,0,0,,0,0,0,,0,0,0,0,0,0,"LEFT END",47,OWN,0,,0,,0
2015092013,2015-09-20,2,12,27,GB,SEA,1,10,11,,1,,0,"(12:27) (SHOTGUN) 12-A.RODGERS PASS SHORT RIGHT TO 18-R.COBB TO GB 25 FOR 14 YARDS (29-E.THOMAS).",0,,,2015,14,SHOTGUN,PASS,0,1,0,0,"SHORT RIGHT",0,0,0,,0,0,0,0,0,0,,11,OWN,0,,0,,0
2015092013,2015-09-20,2,11,51,GB,SEA,1,10,25,,0,,0,"(11:51) (NO HUDDLE, SHOTGUN) 12-A.RODGERS PASS SHORT RIGHT TO 17-D.ADAMS TO GB 26 FOR 1 YARD (35-D.SHEAD).",0,,,2015,1,"NO HUDDLE SHOTGUN",PASS,0,1,0,0,"SHORT RIGHT",0,0,0,,0,0,0,0,0,0,,25,OWN,0,,0,,0
2015092013,2015-09-20,2,2,48,SEA,GB,1,10,24,,1,,0,"(2:48) (SHOTGUN) 24-M.LYNCH RIGHT TACKLE TO SEA 35 FOR 11 YARDS (33-M.HYDE).",0,,,2015,11,SHOTGUN,RUSH,1,0,0,0,,0,0,0,,0,0,0,0,0,0,"RIGHT TACKLE",24,OWN,0,,0,,0
2015092013,2015-09-20,3,13,45,SEA,GB,3,11,43,,1,,0,"(13:45) (SHOTGUN) 3-R.WILSON PASS DEEP MIDDLE TO 16-T.LOCKETT TO GB 40 FOR 17 YARDS (21-H.CLINTON-DIX).",0,,,2015,17,SHOTGUN,PASS,0,1,0,0,"DEEP MIDDLE",0,0,0,,0,0,0,0,0,0,,43,OWN,0,,0,,0
2015092013,2015-09-20,3,13,4,SEA,GB,1,10,60,,1,,0,"(13:04) 3-R.WILSON PASS SHORT LEFT TO 89-D.BALDWIN PUSHED OB AT GB 27 FOR 13 YARDS (33-M.HYDE).",0,,,2015,13,"UNDER CENTER",PASS,0,1,0,0,"SHORT LEFT",0,0,0,,0,0,0,0,0,0,,40,OPP,0,,0,,0
2015092013,2015-09-20,3,6,48,SEA,GB,0,0,85,,1,,0,"4-S.HAUSCHKA EXTRA POINT IS GOOD, CENTER-49-C.GRESHAM, HOLDER-9-J.RYAN.",0,,,2015,0,"UNDER CENTER","EXTRA POINT",0,0,0,0,,0,0,0,,0,0,0,0,0,0,,15,OPP,0,,0,,0
2015092013,2015-09-20,3,0,0,,SEA,0,0,0,,1,,0,"END QUARTER 3",0,,,2015,0,,,0,0,0,0,,0,0,0,,0,0,0,0,0,0,,0,OWN,0,,0,,0
2015092013,2015-09-20,4,4,16,,SEA,0,0,0,,1,,0,"TIMEOUT #1 BY GB AT 04:16.",0,,,2015,0,"UNDER CENTER",TIMEOUT,0,0,0,0,,0,0,0,,0,0,0,0,0,0,,0,OWN,0,,0,,0
2015092100,2015-09-21,1,0,0,,NYJ,0,0,0,,1,,0,"END QUARTER 1",0,,,2015,0,,,0,0,0,0,,0,0,0,,0,0,0,0,0,0,,0,OWN,0,,0,,0
2015092100,2015-09-21,2,15,0,NYJ,IND,1,10,58,,0,,0,"(15:00) (RUN FORMATION) 14-R.FITZPATRICK SCRAMBLES RIGHT END TO IND 36 FOR 6 YARDS (50-J.FREEMAN).",0,,,2015,6,"UNDER CENTER",SCRAMBLE,1,0,0,0,,0,0,0,,0,0,0,0,0,0,,42,OPP,0,,0,,0
2015092100,2015-09-21,2,14,20,NYJ,IND,2,4,64,,0,,0,"(14:20) (SHOTGUN) PENALTY ON NYJ-47-K.DAVIS, FALSE START, 5 YARDS, ENFORCED AT IND 36 - NO PLAY.",0,,,2015,0,SHOTGUN,"NO PLAY",0,0,0,0,,0,0,0,,0,0,0,1,0,0,,36,OPP,1,NYJ,1,"FALSE START",5
2015092100,2015-09-21,2,7,11,IND,NYJ,4,1,29,,0,,0,"(7:11) 1-P.MCAFEE PUNTS 42 YARDS TO NYJ 29, CENTER-45-M.OVERTON, FAIR CATCH BY 11-J.KERLEY.",0,,,2015,0,PUNT,PUNT,0,0,0,0,,0,0,0,,0,0,0,0,0,0,,29,OWN,0,,0,,0
2015092100,2015-09-21,2,7,3,NYJ,IND,1,10,29,,1,,0,"(7:03) (SHOTGUN) 14-R.FITZPATRICK PASS DEEP RIGHT TO 87-E.DECKER TO NYJ 49 FOR 20 YARDS (52-D.JACKSON).",0,,,2015,20,SHOTGUN,PASS,0,1,0,0,"DEEP RIGHT",0,0,0,,0,0,0,0,0,0,,29,OWN,0,,0,,0
2015092100,2015-09-21,3,7,17,IND,NYJ,3,6,90,,1,,0,"(7:17) (SHOTGUN) 12-A.LUCK PASS SHORT MIDDLE TO 13-T.HILTON TO NYJ 3 FOR 7 YARDS (25-C.PRYOR).",0,,,2015,7,SHOTGUN,PASS,0,1,0,0,"SHORT MIDDLE",0,0,0,,0,0,0,0,0,0,,10,OPP,0,,0,,0
2015092100,2015-09-21,3,6,2,IND,NYJ,2,1,99,,0,,0,"(6:02) (RUN FORMATION) 76-J.REITZ AND 54-D.PARRY REPORTED IN AS ELIGIBLE.  23-F.GORE UP THE MIDDLE TO NYJ 1 FOR NO GAIN (56-D.DAVIS).",0,,,2015,0,"UNDER CENTER",RUSH,1,0,0,0,,0,0,0,,0,0,0,0,0,0,CENTER,1,OPP,0,,0,,0
2015092100,2015-09-21,4,14,20,NYJ,IND,3,7,62,,0,,0,"(14:20) (SHOTGUN) 14-R.FITZPATRICK PASS INCOMPLETE DEEP LEFT TO 87-E.DECKER (25-J.BROWN).",0,,,2015,0,SHOTGUN,PASS,0,1,1,0,"DEEP LEFT",0,0,0,,0,0,0,0,0,0,,38,OPP,0,,0,,0
2015092100,2015-09-21,4,12,55,,NYJ,0,0,0,,1,,0,"TIMEOUT #1 BY IND AT 12:55.",0,,,2015,0,"UNDER CENTER",TIMEOUT,0,0,0,0,,0,0,0,,0,0,0,0,0,0,,0,OWN,0,,0,,0
2015092100,2015-09-21,4,6,27,NYJ,IND,2,7,85,,0,,0,"(6:27) 14-R.FITZPATRICK PASS SHORT RIGHT TO 15-B.MARSHALL FOR 15 YARDS, TOUCHDOWN. PENALTY ON IND-25-J.BROWN, DEFENSIVE HOLDING, DECLINED.",0,,,2015,15,"UNDER CENTER",PASS,0,1,0,1,"SHORT RIGHT",0,0,0,,0,0,0,1,0,0,,15,OPP,0,IND,0,"DEFENSIVE HOLDING",0